ideal_volume,last_adjusted_volume,microphone_active,low_freq,mid_freq,high_freq,exposure_time,risk_level
32.333333333333336,50.0,0,43.0,53.0,1.0,5,Low
50.0,50.0,0,50.0,50.0,50.0,0,Low
30.333333333333332,50.0,0,60.0,30.0,1.0,11,Low
50.0,50.0,0,100.0,100.0,100.0,0,Low
50.0,50.0,0,50.0,50.0,50.0,0,Low
50.0,50.0,0,50.0,50.0,50.0,3,Low
50.0,50.0,0,50.0,50.0,50.0,0,Low
50.0,50.0,0,69.0,50.0,50.0,0,Low
50.0,50.0,0,50.0,50.0,50.0,1,Low
